{
    "stackedBlockList" : [
        {
            "styleModifier" : ""
        },
        {
            "styleModifier" : ""
        },
        {
            "styleModifier" : ""
        }
    ],
    "paginationList" : [
        {
            "number" : "Prev"
        },
        {
            "number" : "1"
        },
        {
            "number" : "2"
        },
        {
            "number" : "Next"
        }
    ],
    "stripeList" : [
        {},
        {}
    ],
    "toutList" : [
        {},
        {},
        {}
    ]
}
